Round,A,B,C,Set
1,43,53,44,set1
2,56,33,46,set1
3,69,56,33,set1
4,81,30,28,set1
5,77,52,44,set1
6,67,42,8,set1
7,39,45,44,set1
8,75,73,31,set1
9,66,43,31,set1
10,64,55,21,set1
11,80,32,33,set1
12,52,30,62,set1
13,61,69,41,set1
14,96,70,43,set1
15,56,49,24,set1
16,70,42,47,set1
17,75,49,22,set1
18,39,59,30,set1
19,33,83,52,set1
20,66,49,39,set1
21,78,73,47,set1
22,31,70,57,set1
23,63,55,25,set1
24,61,73,12,set1
25,92,44,11,set1
26,75,33,62,set1
27,62,22,28,set1
28,65,67,44,set1
29,88,18,44,set1
30,66,32,33,set1
31,66,75,47,set1
32,53,63,68,set1
33,67,58,66,set1
34,69,32,59,set1
35,78,90,39,set1
36,58,34,42,set1
37,76,35,30,set1
38,55,60,10,set1
39,74,52,62,set1
40,69,44,35,set1
41,54,33,52,set1
42,56,31,0,set1
43,61,41,19,set1
44,49,27,49,set1
45,63,50,48,set1
46,77,58,57,set1
47,99,27,14,set1
48,64,63,44,set1
49,73,63,44,set1
50,76,52,15,set1
51,53,26,27,set1
52,80,58,64,set1
53,72,53,36,set1
54,43,38,40,set1
55,61,48,25,set1
56,75,46,39,set1
57,59,75,45,set1
58,58,45,47,set1
59,53,51,67,set1
60,48,40,0,set1
61,76,43,37,set1
62,84,55,15,set1
63,63,46,43,set1
64,57,43,59,set1
65,87,35,26,set1
66,63,46,8,set1
67,66,59,48,set1
68,72,31,59,set1
69,47,76,43,set1
70,55,50,16,set1
71,55,53,36,set1
72,54,70,23,set1
73,74,51,19,set1
74,33,62,70,set1
75,69,24,56,set1
76,82,57,49,set1
77,65,87,47,set1
78,60,56,23,set1
79,51,53,42,set1
80,72,23,50,set1
81,42,36,45,set1
82,67,49,51,set1
83,52,44,30,set1
84,89,67,72,set1
85,75,62,50,set1
86,70,51,63,set1
87,67,72,45,set1
88,55,56,30,set1
89,80,47,43,set1
90,76,42,47,set1
91,59,58,21,set1
92,54,42,22,set1
93,62,62,63,set1
94,71,55,29,set1
95,50,70,20,set1
96,68,62,45,set1
97,33,63,27,set1
98,56,43,67,set1
99,54,43,26,set1
100,72,50,25,set1
1,48,37,48,set2
2,64,66,31,set2
3,76,32,30,set2
4,77,59,36,set2
5,95,63,69,set2
6,78,65,48,set2
7,48,31,55,set2
8,73,50,73,set2
9,69,36,53,set2
10,84,69,29,set2
11,36,37,20,set2
12,72,54,18,set2
13,65,49,34,set2
14,67,43,53,set2
15,78,46,51,set2
16,62,44,36,set2
17,72,36,24,set2
18,58,65,49,set2
19,74,44,60,set2
20,86,47,43,set2
21,87,68,24,set2
22,63,26,54,set2
23,39,16,36,set2
24,65,19,38,set2
25,66,40,42,set2
26,65,61,29,set2
27,55,48,35,set2
28,49,55,46,set2
29,56,35,50,set2
30,81,55,26,set2
31,86,51,22,set2
32,53,35,36,set2
33,78,62,19,set2
34,56,58,0,set2
35,63,27,18,set2
36,60,63,22,set2
37,53,47,58,set2
38,76,77,50,set2
39,56,53,51,set2
40,58,38,18,set2
41,69,79,19,set2
42,62,52,50,set2
43,70,45,38,set2
44,55,66,22,set2
45,65,67,37,set2
46,76,38,27,set2
47,52,62,21,set2
48,59,20,33,set2
49,63,45,51,set2
50,66,56,17,set2
51,69,54,8,set2
52,56,64,28,set2
53,67,43,40,set2
54,73,51,57,set2
55,29,48,58,set2
56,73,69,30,set2
57,74,39,19,set2
58,55,73,13,set2
59,44,63,31,set2
60,74,62,33,set2
61,60,45,25,set2
62,79,52,40,set2
63,81,52,37,set2
64,80,13,22,set2
65,40,45,44,set2
66,99,30,31,set2
67,59,21,32,set2
68,64,59,35,set2
69,54,24,28,set2
70,71,44,24,set2
71,65,26,55,set2
72,69,78,43,set2
73,48,65,8,set2
74,69,45,42,set2
75,74,68,13,set2
76,89,45,49,set2
77,93,52,24,set2
78,64,44,36,set2
79,32,79,12,set2
80,74,58,0,set2
81,60,40,52,set2
82,90,49,24,set2
83,67,67,11,set2
84,80,54,43,set2
85,76,57,19,set2
86,60,68,36,set2
87,70,29,48,set2
88,78,41,41,set2
89,86,40,43,set2
90,60,61,31,set2
91,57,26,28,set2
92,52,43,54,set2
93,80,67,43,set2
94,73,53,30,set2
95,53,45,46,set2
96,34,54,48,set2
97,70,55,41,set2
98,51,50,59,set2
99,99,46,36,set2
100,98,44,37,set2
1,43,53,48,set3
2,56,33,31,set3
3,69,56,30,set3
4,81,30,36,set3
5,77,52,69,set3
6,67,42,48,set3
7,39,45,55,set3
8,75,73,73,set3
9,66,43,53,set3
10,64,55,29,set3
11,80,32,20,set3
12,52,30,18,set3
13,0,69,34,set3
14,96,70,53,set3
15,56,49,51,set3
16,70,42,36,set3
17,75,49,24,set3
18,39,59,49,set3
19,33,83,60,set3
20,66,49,43,set3
21,78,73,24,set3
22,31,70,54,set3
23,63,55,36,set3
24,61,73,38,set3
25,92,44,42,set3
26,75,33,29,set3
27,62,22,35,set3
28,65,67,46,set3
29,88,18,50,set3
30,66,32,26,set3
31,66,75,22,set3
32,53,63,36,set3
33,67,58,19,set3
34,69,32,0,set3
35,78,90,18,set3
36,58,34,22,set3
37,76,35,58,set3
38,55,60,50,set3
39,74,52,51,set3
40,69,44,18,set3
41,54,33,19,set3
42,56,31,50,set3
43,61,41,38,set3
44,49,27,22,set3
45,63,50,37,set3
46,77,58,27,set3
47,99,27,21,set3
48,64,63,33,set3
49,73,63,51,set3
50,76,52,17,set3
51,53,26,8,set3
52,80,58,28,set3
53,72,53,40,set3
54,43,38,57,set3
55,61,48,58,set3
56,75,46,30,set3
57,59,75,19,set3
58,58,45,13,set3
59,53,51,31,set3
60,48,40,33,set3
61,76,43,25,set3
62,84,55,40,set3
63,63,46,37,set3
64,57,43,22,set3
65,87,35,44,set3
66,63,46,31,set3
67,66,59,32,set3
68,72,31,35,set3
69,47,76,28,set3
70,55,50,24,set3
71,55,53,55,set3
72,54,70,43,set3
73,74,51,8,set3
74,33,62,42,set3
75,69,24,13,set3
76,82,57,49,set3
77,65,87,24,set3
78,60,56,36,set3
79,51,53,12,set3
80,72,23,0,set3
81,42,36,52,set3
82,67,49,24,set3
83,52,44,11,set3
84,89,67,43,set3
85,75,62,19,set3
86,70,51,36,set3
87,67,72,48,set3
88,55,56,41,set3
89,80,47,43,set3
90,76,42,31,set3
91,59,58,28,set3
92,54,42,54,set3
93,62,62,43,set3
94,71,55,30,set3
95,50,70,46,set3
96,68,62,48,set3
97,33,63,41,set3
98,56,43,59,set3
99,54,43,36,set3
100,72,50,37,set3
1,48,37,37,set4
2,64,66,56,set4
3,76,32,46,set4
4,77,59,15,set4
5,95,63,35,set4
6,78,65,40,set4
7,48,31,8,set4
8,73,50,49,set4
9,69,36,21,set4
10,84,69,33,set4
11,36,37,52,set4
12,72,54,58,set4
13,65,49,29,set4
14,67,43,28,set4
15,78,46,27,set4
16,62,44,43,set4
17,72,36,13,set4
18,58,65,37,set4
19,74,44,33,set4
20,86,47,36,set4
21,87,68,23,set4
22,63,26,44,set4
23,39,16,20,set4
24,65,19,46,set4
25,66,40,26,set4
26,65,61,33,set4
27,55,48,41,set4
28,49,55,38,set4
29,56,35,16,set4
30,81,55,43,set4
31,86,51,38,set4
32,53,35,29,set4
33,78,62,26,set4
34,56,58,42,set4
35,63,27,26,set4
36,60,63,21,set4
37,53,47,4,set4
38,76,77,28,set4
39,56,53,29,set4
40,58,38,31,set4
41,69,79,30,set4
42,62,52,38,set4
43,70,45,29,set4
44,55,66,59,set4
45,65,67,32,set4
46,76,38,35,set4
47,52,62,20,set4
48,59,20,37,set4
49,63,45,65,set4
50,66,56,48,set4
51,69,54,33,set4
52,56,64,24,set4
53,67,43,53,set4
54,73,51,54,set4
55,29,48,27,set4
56,73,69,30,set4
57,74,39,28,set4
58,55,73,30,set4
59,44,63,27,set4
60,74,62,58,set4
61,60,45,10,set4
62,79,52,27,set4
63,81,52,48,set4
64,80,13,3,set4
65,40,45,39,set4
66,99,30,16,set4
67,59,21,46,set4
68,64,59,10,set4
69,54,24,13,set4
70,71,44,39,set4
71,65,26,49,set4
72,69,78,38,set4
73,48,65,15,set4
74,69,45,45,set4
75,74,68,6,set4
76,89,45,48,set4
77,93,52,46,set4
78,64,44,33,set4
79,32,79,68,set4
80,74,58,33,set4
81,60,40,45,set4
82,90,49,41,set4
83,67,67,36,set4
84,80,54,39,set4
85,76,57,53,set4
86,60,68,50,set4
87,70,29,21,set4
88,78,41,28,set4
89,86,40,6,set4
90,60,61,65,set4
91,57,26,27,set4
92,52,43,45,set4
93,80,67,28,set4
94,73,53,38,set4
95,53,45,27,set4
96,34,54,5,set4
97,70,55,41,set4
98,51,50,21,set4
99,99,46,53,set4
100,98,44,28,set4
1,85,47,52,set5
2,57,59,59,set5
3,47,38,0,set5
4,84,74,31,set5
5,88,47,48,set5
6,81,48,24,set5
7,57,40,24,set5
8,80,57,50,set5
9,56,37,51,set5
10,42,53,73,set5
11,69,53,27,set5
12,68,32,32,set5
13,46,38,31,set5
14,92,77,34,set5
15,65,45,28,set5
16,59,25,57,set5
17,54,44,30,set5
18,34,17,61,set5
19,75,44,40,set5
20,64,36,43,set5
21,13,46,32,set5
22,73,48,4,set5
23,62,47,31,set5
24,45,27,24,set5
25,38,61,2,set5
26,83,80,41,set5
27,59,52,42,set5
28,35,66,53,set5
29,65,49,27,set5
30,53,60,30,set5
31,72,52,27,set5
32,66,46,15,set5
33,62,42,35,set5
34,61,30,52,set5
35,87,64,36,set5
36,46,68,36,set5
37,66,48,30,set5
38,80,44,13,set5
39,80,62,34,set5
40,74,62,27,set5
41,76,50,41,set5
42,75,24,41,set5
43,55,57,22,set5
44,87,59,7,set5
45,42,39,43,set5
46,35,41,22,set5
47,49,72,41,set5
48,44,54,61,set5
49,88,58,27,set5
50,88,53,64,set5
51,49,60,29,set5
52,46,25,49,set5
53,81,21,41,set5
54,73,51,47,set5
55,53,47,33,set5
56,70,50,37,set5
57,77,82,29,set5
58,54,39,18,set5
59,77,36,35,set5
60,68,44,29,set5
61,67,63,21,set5
62,81,65,32,set5
63,95,71,50,set5
64,78,26,44,set5
65,77,49,34,set5
66,89,53,33,set5
67,89,49,40,set5
68,40,39,41,set5
69,62,49,32,set5
70,42,48,20,set5
71,58,56,15,set5
72,61,64,16,set5
73,41,63,35,set5
74,65,32,47,set5
75,63,32,43,set5
76,40,35,17,set5
77,77,53,34,set5
78,70,74,21,set5
79,70,52,43,set5
80,48,49,19,set5
81,87,39,54,set5
82,80,55,8,set5
83,64,66,31,set5
84,74,21,10,set5
85,51,94,29,set5
86,76,35,37,set5
87,76,57,38,set5
88,57,79,42,set5
89,38,37,16,set5
90,49,14,14,set5
91,86,50,31,set5
92,79,48,30,set5
93,89,36,46,set5
94,70,46,37,set5
95,87,58,43,set5
96,99,59,25,set5
97,63,63,27,set5
98,87,85,40,set5
99,68,55,32,set5
100,65,36,53,set5