usercode,bomb_test,crra,SSR,SSE,maximiz,gameReward
7JZLJFTHYB,20,0.25,4.4,4.1,5,4.17
MVN3D46QDX,32,0.470588235,5.6,2,5,0.82
3C22H4DN7Y,15,0.176470588,5.9,4.1,5,0.8
CHQ33X347L,16,0.19047619,4.5,5.9,7,0.71
AMP3B78DKV,55,1.222222222,5.1,3.6,2.5,7.79
KJVT3WR4UQ,20,0.25,5.4,4.4,6,8.53
AKM9LY8MWE,50,1,7,1.6,5,4.23
7FYQ66AHNM,10,0.111111111,5.4,4,4,0.76
99BR842J34,43,0.754385965,6.7,5.2,6.5,0.75
AAA4BALT33,10,0.111111111,7,1,4.5,2.16
QYP8R9VUHY,37,0.587301587,4.4,5.6,5,6.83
Q3ZKGT99HW,30,0.428571429,5.2,5.5,4,1.92
HCPUV6QUZ6,70,2.333333333,6.5,4.8,4,4.02
NRJJFNQAH3,5,0.052631579,4.1,2.7,4,0.71
QYDQN9VV4B,33,0.492537313,6.5,3.4,3,4.41
6G3DPRE47H,62,1.631578947,5.4,3.7,3.5,4.17
RJN27HRWYR,25,0.333333333,5.4,4.3,5.5,7.71
GFRRKLPLET,30,0.428571429,6.5,5.6,3.5,0.66
ZB4HUHVBUQ,40,0.666666667,5.5,3.5,2.5,2.05
JKDRPL7HK9,1,0.01010101,5.1,6.7,7,4.11
DJ49HNJQ2Y,49,0.960784314,4.3,5.3,4,0.71
3XQBHKVCK3,30,0.428571429,6,4.3,6.5,1.86
HUQYLU6QUY,20,0.25,5.1,3.8,2,4.32
QRDKHNAMVB,42,0.724137931,7,7,4,0.78
UGA3CEJP8V,30,0.428571429,5.6,4.8,5.5,0.74
2LWZM2T28J,50,1,5.3,5.6,5.5,0.76
3KUEFLKKZB,17,0.204819277,5,3.4,4,0.72
L4C4R8MV44,60,1.5,5.8,5.2,6,1.95
NHCYKBBR9N,45,0.818181818,5.2,5.7,5.5,3.64
LTJU2ZKC2K,40,0.666666667,5.5,5.7,3,0.92
96FYT2WJG3,75,3,6.5,4.7,6,2.13
AXREVD4ULA,10,0.111111111,5,4.9,6,1.85
633LXGJQM2,25,0.333333333,5.8,4.4,4,8.41
KTZA4C2RWX,44,0.785714286,5,6.1,4,1.96
TAGTFHULY6,27,0.369863014,4.4,5.2,3.5,8.07
7RTCBXZA3R,20,0.25,5.9,5.5,4.5,8.4
2AH2BGBBHX,20,0.25,6.7,3.7,5.5,2.11
66NMHEY2JM,49,0.960784314,4.5,4.6,5,1.89
GD76R923NQ,50,1,5.3,4,4.5,2.17
J2G7BUECEH,12,0.136363636,7,7,6,7.5
48NHA6LW6M,30,0.428571429,5.5,3.9,3,0.77
PD4X63HU2F,19,0.234567901,5.3,5,3,6.78
MBFX87T9LA,40,0.666666667,5.1,4.8,6,8.65
NP273VWVZC,15,0.176470588,6.4,3.4,6,4.33
HQWCL824JH,10,0.111111111,6.2,1.6,4.5,8.35
HWHXU7UN3U,40,0.666666667,6,1.8,4,2.09
TYFYB7WBPH,40,0.666666667,6.3,1.4,7,8.29
TUDT6MD49Y,49,0.960784314,5.2,3.6,4,4.33
BBHFXVLGP6,39,0.639344262,5.7,5.5,3,4.04
T4XEAD4KU7,50,1,5.2,4.3,4,1.86
DHMZF7864U,75,3,3.6,5.7,4.5,1.93
QNMUEJQTRC,50,1,5.4,5.3,6,3.54
GYNQKWQ226,20,0.25,5.2,4.9,4.5,0.72
9ANQM2FETX,62,1.631578947,5.7,5.9,5,0.86
3JEELDZMVB,32,0.470588235,6.4,5.1,6,0.78
7VRQCPMQX4,50,1,5.5,5.9,4.5,0.74
XXKXGU862R,50,1,6,2.1,6,0.47
WZU7D4DDBU,28,0.388888889,5,4.4,5,3.52
XB6HVQVVET,20,0.25,5.8,4.9,5.5,0.8
4PR36GUYNH,40,0.666666667,6.5,3.6,2.5,8.69
PX39ZKFQ7J,48,0.923076923,2.2,5.9,4.5,1.81
AEPRLCJ39F,50,1,4.8,3.9,4,1.77
CRCGL9BKLX,60,1.5,6.2,3.3,4,3.97
2EEU4NPJG8,65,1.857142857,4.9,5,5.5,7.82
FJURMX8BVQ,49,0.960784314,6.1,4.3,4.5,0.8
24RT8R4MFP,33,0.492537313,5.9,2.1,3.5,4.35
8CB747VD3T,35,0.538461538,5.9,5.1,4.5,1.99
H7QD6YZDJT,40,0.666666667,3.6,5.2,4,1.91
YHBLWUCHWQ,25,0.333333333,3.4,1.5,3,4.12
8ENG8HBE7X,25,0.333333333,6.2,3.7,4.5,7.93
DE3MKUX6TE,35,0.538461538,4.7,4.7,3,3.69
ZDK9RPBKZ3,30,0.428571429,5.7,3.3,4,0.81
KWF2BGCL8X,36,0.5625,5.1,2.5,5,0.74
FXG7MAZL2K,20,0.25,3.3,3,4.5,0.91
XXFZX24UN9,10,0.111111111,4.5,4.2,6,0.87
Q72FTA4CV4,20,0.25,5.2,3.9,3.5,3.63
VEHFGYRLG3,87,6.692307692,4.7,4.6,7,3.42
644LBFFWUL,50,1,4.9,3.1,5.5,4.2
T6GC6J3G8Y,30,0.428571429,5.7,2.1,3,0.83
ZDU3QQRE3N,35,0.538461538,6.1,3.8,6,1.85
8QLU4HG7PR,60,1.5,5.1,5.7,5,3.38
39UBNUYJQX,20,0.25,5.8,6.7,4.5,7.96
V2KGCCWFZ3,11,0.123595506,6.2,3.4,6,4.05
JL7L9Y8WHJ,25,0.333333333,7,2,7,0.86
K4LTUJP6U7,23,0.298701299,5,4.3,5,3.97
HUYXKKDBEZ,40,0.666666667,5.3,5.3,6.5,0.84
F7H9JUYUW7,10,0.111111111,3.6,2.3,2,0.85
UA9B2JHQ48,50,1,5.3,6.4,6.5,1.71
2V6TEY7DAY,2,0.020408163,6.9,5.8,4.5,2.07
FFNTEZYP9J,44,0.785714286,4.7,4.6,4.5,0.72
CWGCN7PGA6,26,0.351351351,5.8,5.5,5.5,8.49
XTVC823ARH,20,0.25,5.9,5.8,5.5,0.86
EC64FGZL9K,10,0.111111111,4.7,4.3,4.5,4.36
HHGZERRQD3,70,2.333333333,6.4,1.9,2,4.12
JPYAX9E78W,5,0.052631579,4.5,3.2,2.5,1.98
764PHWUYGN,70,2.333333333,5.5,3.6,4.5,0.87
66ZLPNZB9K,41,0.694915254,5.3,4.4,3.5,4.35
GPK7UHJDH8,75,3,6.8,4.6,2.5,8.52
CTRF49KX7U,55,1.222222222,4.2,4.5,5.5,0.72
AWUL2X8W7K,20,0.25,4.3,6,4.5,0.84
NBRYJZA7VK,20,0.25,5.6,5,7,3.86
WWTZ77XLRN,25,0.333333333,6.1,5.8,6,3.5
C8PDPTMVKC,20,0.25,5.9,4.1,5,8.69
39J2YJE9DR,50,1,5.1,2.4,3.5,3.69
4ZTWUVH8C8,30,0.428571429,6.7,2.8,5.5,1.95
PJZHJRD37J,20,0.25,5.6,5.7,5.5,0.81
AC36NKCRY2,50,1,6,5.5,7,4.06
ZPFMDNLUWJ,30,0.428571429,6.9,5.2,4.5,6.75
97TLWDHQ6T,50,1,3.5,4.9,4.5,0.8
ELTVVDL7ZT,13,0.149425287,5.9,5.1,5,4
B8YK6NEMVX,47,0.886792453,4.6,4.5,6,6.96
YLQM9X6EWL,50,1,6.5,3.8,2.5,4.1
V6694AFTZ2,40,0.666666667,7,6.7,6,4.34
TNJPU9HG9N,50,1,7,1,2.5,0.76
XLFWJ9UNPK,40,0.666666667,5.4,5.3,4.5,4.29
6H2DBRWZH9,36,0.5625,4.2,2.3,4.5,1.93
BLRKC6L744,60,1.5,6.2,2.1,5.5,8.2
3DVQ7ML28V,50,1,4,4,1,4.39
ZKVVBJPUUG,50,1,6.2,1.3,2,2.02
ETTY9H6HHX,45,0.818181818,5.3,5.8,5.5,1.66
JAUQLKKTQQ,22,0.282051282,5.6,4.8,4.5,0.79
AYA2X4URMK,40,0.666666667,6,6.7,5.5,8
E6J4ZG2LZ9,17,0.204819277,4.8,5.1,3.5,1.77
YPDLBCD2BQ,29,0.408450704,6.4,4,5,4.19
DYXJK82M9G,68,2.125,5.5,5.2,6.5,0.78
Y4ATBNVQVP,19,0.234567901,5.7,5.8,3.5,0.79
XTWLVTEAHR,50,1,4.8,5.1,1.5,4.17
X46L9CLD8Q,20,0.25,2.5,4.9,3,0.79
WAFGHCZGTK,47,0.886792453,6.4,4.8,6.5,2.04
4VTXTD62A4,29,0.408450704,4.8,5,3,3.95
4HQNNPT2GV,20,0.25,6.1,6,4,1.89
A9NBZ7KGWN,35,0.538461538,5.4,2.9,5,2.12
GBEQZWBVQU,20,0.25,6.8,6.7,6,7.48
WLMJ4G8PUK,50,1,4.6,4.6,5,0.85
6Y4P7Y3ZKA,50,1,6.3,3.2,6,8.34
2JB4AZDYPC,44,0.785714286,5.7,4.1,3.5,8.21
U8L8486KMA,20,0.25,5.1,3.7,4.5,0.83
RA66EBFCJJ,27,0.369863014,6.6,4.9,5,8.64
8FNT3B6G8Z,5,0.052631579,6.8,4.4,5.5,4.35
XKJ9XJDQKC,75,3,4.7,4.8,3,0.91
BFYZKTD2ZU,46,0.851851852,4.9,4.5,3,4.24
Q7WBW7RBZY,68,2.125,5.6,4.4,6.5,0.73
7E3MRR4JBY,50,1,6.2,4,5,4.44
HWBL4JCCFJ,70,2.333333333,5,4.2,3.5,3.78
PJN6Y4J3WQ,35,0.538461538,5.5,2.5,6,4.28
VH9N429KQJ,50,1,5.2,6.3,3,0.82
CHPLC9RTXP,5,0.052631579,3,4.6,6,7.81
AXB26HDRYD,10,0.111111111,5.5,2.8,4.5,3.78
3PB8NAGHY2,25,0.333333333,4.8,4,5,1.87
9ZJDPV7NYQ,25,0.333333333,4.9,6,5,1.76
Z4DZ2FKFJC,5,0.052631579,6.1,4,5,1.92
YNV7K7NDEF,68,2.125,4.9,5.4,4.5,7.74
XUCYG8EWTG,6,0.063829787,6.5,5.9,5,8.42
9NCAEUGKKC,50,1,6,3.8,5.5,8.65
PBT8GLR4HN,44,0.785714286,7,1.7,5,0.62
VQX9QLMRYC,50,1,6.6,3.8,4.5,4.05
W3MKRKVGVD,40,0.666666667,4.2,3.8,3,8.14
BRDUR7JZKW,40,0.666666667,6.3,3.3,4,0.89
ML76Z6RRQD,34,0.515151515,5.8,2.6,4,8.06
HGYVAKB78G,40,0.666666667,6.9,5.1,5.5,1.89
CQECJCGUQ2,69,2.225806452,5.3,6.2,4,8.53
QDE4J6Z7YM,10,0.111111111,4.3,3.6,4,8.78
TK2UAYBMV4,80,4,6.4,5.7,4.5,8.43
PVL6VB3497,50,1,3.5,4.3,5.5,0.68
J4KJ2KQHYY,50,1,5.9,3.8,7,1.97
EP8J7J6RGQ,21,0.265822785,5.2,5.4,5,0.67
LKMP8M6H6V,10,0.111111111,5.8,6.2,4,0.7
7VUTEKQE9F,50,1,5,6,6.5,8.26
GV6HQRTC7N,15,0.176470588,2.9,4.8,4.5,6.91
UGFQTKF96T,10,0.111111111,4.8,4.4,3,4.07
QKBMA7YEQW,25,0.333333333,5.9,4.5,4,3.99
UZLNV8T7WJ,22,0.282051282,6,4.5,6,2.02
9BXQ2QK34M,43,0.754385965,2.9,5.4,5.5,4.09
HJKY24A8ZE,15,0.176470588,5.4,4,7,3.88
83HDCAZYLD,50,1,5.1,5.3,4.5,8.48
8ZJLJLC8DY,75,3,6.2,3.2,6,8.32
NX7LYFPVUZ,45,0.818181818,6.1,4,7,0.78
4JKCGDPGB3,20,0.25,6.8,2.7,6.5,0.91
ZTAEHYWKDT,57,1.325581395,4.5,3.7,5,1.78
PFUVG22WVJ,1,0.01010101,6.5,6.8,6,6.93
A9UNNAWKCL,43,0.754385965,6.2,3.2,5,1.85
FMPE9MV6YN,60,1.5,5.9,5.8,6,8.68
9UHDUNB4VE,25,0.333333333,7,1.2,4,2.04
NYNK3VG3CM,45,0.818181818,5,4,4.5,1.89
Q3DVZDWWQQ,50,1,5.8,5.8,6,3.67
GRK6LW9Q4Y,10,0.111111111,4,5,4,3.33
PUQVQN98JQ,10,0.111111111,6.1,2.6,2.5,8.55
V6FE3HVNFU,50,1,7,1,6,4.44
FXWAL3PEGQ,99,99,6.4,4.6,5,4.09
2GZ3XFHY62,10,0.111111111,5.1,4,4.5,1.99
4E22AX3VDC,40,0.666666667,4.4,4.5,6.5,1.99
32YJNXWE7V,10,0.111111111,4.7,6.4,6,0.7
K4LA3E8X7Y,50,1,5,5,4,3.98
RQHDK2C9XK,10,0.111111111,4.3,6,6,0.65
F6HDG7FUC6,7,0.075268817,3.6,3.6,5.5,3.87
NP7RQV2WTE,40,0.666666667,4.8,5.3,5.5,8.39
NPY93LKD8L,25,0.333333333,6.5,4.9,1,0.74
REVBGYKYDT,5,0.052631579,6.3,5.2,6,1.96
EQYW437ZME,43,0.754385965,5.1,4.3,5.5,4.01
DXRT2K9KQ2,50,1,2.1,6.1,4.5,0.72
8Q9VQ8JDUZ,10,0.111111111,7,4.4,5,8.27
PLBLRXTBHA,65,1.857142857,5.5,5.1,3.5,1.98
T7GWADZBEK,100,99,6.2,3.1,4.5,4.2
CUWWY3JCRL,20,0.25,5.3,5.5,5,8.02
FYM89N9VL8,45,0.818181818,6.8,2.1,6.5,2.07
BGXM2LZDD8,5,0.052631579,7,1.1,5.5,8.65
K8NWR2XVC9,20,0.25,4.9,4,4.5,1.89
FYMYH9ALW2,22,0.282051282,5.1,5.4,4.5,2.06
BUNH6RZMVJ,75,3,3.6,4,5,0.72
P4JTB8H3AU,50,1,5.8,5.2,5.5,8.19
TMFZQRXGV6,80,4,2.8,5.5,5,1.91
FCDJC6FEXX,25,0.333333333,3.1,5.7,6,3.39
4WJELBWWAC,10,0.111111111,3.8,4.7,4,8.34
N8QF78RVN4,77,3.347826087,2.5,5.7,6,1.8
72YM8TJKFL,25,0.333333333,6.6,3.9,3.5,4.1
N6FZB7NEE4,33,0.492537313,6.3,1.9,7,4.34
7UW7XA6Z39,50,1,4.1,5.2,6.5,3.91
R8R9BJ7FUW,60,1.5,5.2,3.1,6,7.75
HYGYZN4FAH,44,0.785714286,4.7,4,3.5,0.78
HGMDY49FRK,50,1,6.4,5.7,4,4.13
LBKYAK69ZR,1,0.01010101,6.4,2.9,6,4.4
U9PB72ZMAQ,57,1.325581395,3.1,5.8,3.5,7.91
KAWTRCWGMX,45,0.818181818,6.4,6.5,4.5,0.92
JMDA9T7PAL,40,0.666666667,5.4,5.9,7,0.91
AELCK4HUH9,45,0.818181818,5.5,1.2,3.5,4.37
9JFWLPB3JP,20,0.25,6.6,5.5,5,2.06
RX2QUFNAFH,30,0.428571429,5,4.5,2.5,4.24
2G8F9EBMA4,50,1,6.6,1.6,7,3.83
D4L7QU4END,50,1,6,5.3,6,7.71
XVMRB9Y7Q8,100,99,5.2,4.6,7,2.07
BT992J7WLG,55,1.222222222,3.4,4.5,5.5,2.03
ABYWU77R43,50,1,5.5,1.7,5.5,0.77
VRDEN7DE6M,80,4,5.9,6.3,7,7.03
TY3LGDG3ED,75,3,6.4,4.7,6,8.43
ALG9JMQ2JD,25,0.333333333,6.8,4.2,7,8.76
X6VQRTLYBL,50,1,5.7,3.1,4,4.15
88J67TRGGW,25,0.333333333,6.5,6.5,7,3.86
DAZ39PFKBF,10,0.111111111,7,5.6,6,0.82
UBYVYRM8UB,20,0.25,6.5,3.7,4.5,1.91
R88V3JCB8H,60,1.5,5.9,4.6,5.5,0.68
RZVN2XV7BV,40,0.666666667,4.6,5.5,6,8.14
Z6B3KNJA86,7,0.075268817,6.1,6.1,5.5,3.87
4KKKUK6LWL,50,1,6.4,2.9,6,2.03
V7CVVR8WYY,73,2.703703704,4.2,4.5,4.5,3.6
R8X7ZKY3K8,50,1,4.8,4.3,4,0.85
W7EBF2RXNQ,51,1.040816327,4.8,3.1,5.5,1.89
R76W3AQQA4,30,0.428571429,5.4,5.2,5.5,2.09
F2BQ6XE7YD,60,1.5,5.2,4.9,4,7.97
X2ZHN9D2FP,14,0.162790698,5.6,4.6,3.5,1.94
TUF6DKRA6K,25,0.333333333,5.5,6.4,6.5,0.61
NALP3NXXRF,40,0.666666667,5.5,3.6,5,0.77
78UUYK4V3R,7,0.075268817,4.2,4.3,6,1.88
U4NLG7RP4M,50,1,7,1.1,5,4.38
RZ76RJE7DA,50,1,5.8,4.4,3.5,3.92
QX6VJPTT4H,99,99,5.9,3.1,4.5,0.86
U4KDA7T3HD,78,3.545454545,4.7,4.7,4,0.69
FFEB8WLN62,70,2.333333333,6.1,3.2,5.5,7.93
ZX2URAPYN6,40,0.666666667,5.8,3.3,5,8.25
9BTMK4776G,47,0.886792453,3.9,5.9,7,7.43
W642NCVKPB,70,2.333333333,3.9,4.7,3.5,3.83
KUP9AQ9FMP,5,0.052631579,5.2,5.2,7,3.51
94VGZAQ4LF,70,2.333333333,5.2,3.6,5.5,0.84
2MY3XYYR63,49,0.960784314,6.6,3.2,5,7.25
99FMTK7F3Y,40,0.666666667,3.2,5,6,3.71
8ZFKEJZQKB,19,0.234567901,4.2,5.5,4.5,7.03
44JDU4PLLV,50,1,6.8,2.2,3,8.5
Z6G2XP4A2Z,99,99,6.2,4.8,7,7.64
JQJ6BWPBUJ,50,1,4.7,2,5,2.01
XW263G6GQP,3,0.030927835,3.9,5.1,4.5,0.65
2MYVQBWEAT,30,0.428571429,5.8,5.4,4.5,0.77
EPGKMPN6K2,64,1.777777778,6.8,1,3,1.92
KYBUP6H4UQ,43,0.754385965,3.6,3.7,5,0.77
E9Z2UEZHWH,50,1,7,4.9,7,0.8
U8C3UAR9TV,75,3,5,5.5,4,1.87
WMQQ66U7XW,69,2.225806452,3.6,6,2.5,4.24
FAAP2XRJ23,60,1.5,6,3.8,4.5,3.92
67T73T7XDH,50,1,4.9,3.1,4.5,8.54
W9PNQ9KB6C,90,9,4.6,5.2,6,3.46
UJ8CAVVF8R,15,0.176470588,4.6,5,6,7.87
3E8EJ8FBAT,20,0.25,5.4,5.6,6.5,0.81
MQGQ4H926V,50,1,3.3,5.6,3,7.45
2MJYLEZXK8,75,3,6.2,1.8,4.5,8.17
MDT6DUBVMB,10,0.111111111,6.3,5.8,7,1.54
E3AMFCKCZX,25,0.333333333,6.6,1.4,2,4.28
M9GVKJQ9HV,30,0.428571429,5.3,4.9,5,1.95
K4PZDKRXZE,20,0.25,5.7,5.1,6.5,8.7
2PULKQALQ6,50,1,5,5,7,8.48
M9K4U7NA6B,30,0.428571429,5.8,1.6,4,2
GWJVTPRW3D,50,1,6.1,3.6,4,0.86
HD3FQJY3EX,25,0.333333333,4.4,3.8,5,2.01
R8HCLZBLR6,10,0.111111111,5.7,5.3,5.5,1.83
KKF77J7FUT,40,0.666666667,5.8,2.7,4,0.82
WYKNH2QUCF,75,3,5.2,4.4,5,1.86
A3XXM7WYEE,50,1,4.5,4.7,5.5,3.99
6L33NCBXE4,35,0.538461538,6,3.1,6.5,1.9
4L9XFTZW82,25,0.333333333,4.3,4.6,4.5,2.01
3PVPFHL6Y8,50,1,5.6,5.3,5.5,8.25
49JAZR29RA,48,0.923076923,5.6,4.9,5.5,0.67
7VABMWHJGY,75,3,2,5.9,4.5,3.88
RHWCJEGW6H,10,0.111111111,5.1,2.5,5.5,1.98
H93QFHCPQG,40,0.666666667,6.4,3.2,6,0.82
HAHMH3QJ4R,5,0.052631579,5.5,3.8,4,8.41
C7WBM8X9QP,20,0.25,5.2,4.7,6.5,7.84
G8RDKU3J7Z,50,1,6.4,3.2,3.5,8.51
Z67EBJ7TAZ,10,0.111111111,3.9,4.8,1,3.61
HK38F49MFW,75,3,5.2,4.2,5.5,1.9
BYE8TU9PQ4,30,0.428571429,5.8,3.4,5,2.11
E6EWLTT6QY,42,0.724137931,4.1,3.3,4,7.82
4U3C9YD7DZ,15,0.176470588,6.1,5,6,1.81
AFMBZU6NEP,50,1,6.6,1,3.5,2.1
F9QT9LWDCJ,50,1,7,1.3,5.5,1.81
BAYYRFXYHQ,30,0.428571429,6.9,4,3.5,8.14
4M4MH3BWFX,35,0.538461538,4,3.5,5.5,1.91
3H8NPJNGVY,50,1,4.7,3.8,4.5,4.15
EQFXXHBCHD,25,0.333333333,5.4,3.4,5,3.89
L9QY68DWW4,3,0.030927835,5.2,4.4,4.5,4.08
4RWXLKFDZC,10,0.111111111,5.4,5.6,6,7.63
K2AXKZMBW4,24,0.315789474,6.4,4.2,6.5,2.1
UYU693Z2CJ,66,1.941176471,4.3,5.2,5,0.77
7KL32AAKRC,80,4,6.7,5.8,1.5,8.55
LRDFV8TA7Y,32,0.470588235,5.4,3,5.5,8.5
PX2T7EEJN4,40,0.666666667,6.4,4.6,4,1.88
FFQHP34D6U,30,0.428571429,4.1,2.7,4,3.86
9MFYQM8AP8,25,0.333333333,6.9,5.6,5.5,2.07
6DFB4HQRL3,28,0.388888889,4.5,3.4,2.5,0.91
NQQYDFF3RM,30,0.428571429,6.1,5.5,4,3.8
APBFTHJNQ8,50,1,5,4.3,4.5,0.85
HKXK9N6AVG,43,0.754385965,4.8,4.3,6.5,4.16
AK3WMAEZWL,48,0.923076923,6.6,1.7,6.5,0.85
ACZWZCFTMR,50,1,5,4.7,5,8.08
E76XDED2VU,35,0.538461538,4.2,4.7,5.5,1.63
VHYMQLC669,20,0.25,5.8,4,6,3.44
6Q8XVR88DU,60,1.5,4.7,5.5,6,7.08
TJD7Q9CTK7,56,1.272727273,6,6,7,2.05
HDCVDXKB6W,5,0.052631579,6.6,2,4,4.35
2RKXURDBHK,20,0.25,5.3,4.3,5,7.98
ZKUFN37RR4,5,0.052631579,5.5,3.9,6,8.33
ZJNJCTUUC3,46,0.851851852,5.6,3.9,2,2.1
3ZWRMDZ22W,60,1.5,6.3,5,6.5,8.48
Z7CLAFMATQ,58,1.380952381,6.9,3.6,7,8.33
H8A7RUVAYK,33,0.492537313,6,3.8,5,1.66
BR843VNMJE,40,0.666666667,4.8,5.1,5.5,0.81
EXR47DYVEK,40,0.666666667,5,2.8,4,7.85
NNYP8UBFW9,50,1,6.3,3.9,5.5,0.84
UPNZ62NTVG,27,0.369863014,5.5,4,5.5,1.96
RA28QDECJJ,20,0.25,2.4,4.6,7,0.79
QJLKZPKAZA,50,1,6.5,2,4.5,0.81
6FCNYG8Q8A,50,1,6.5,6.2,5,5.58
ZL8YT46PYY,50,1,6.5,2.5,5,0.78
KQKWR3ECTD,42,0.724137931,6.8,5.7,2.5,8.1
UZWYFRRE2K,20,0.25,6.1,6,5,0.66
HLW6V6U8RM,20,0.25,6.7,4.7,5.5,3.81
REB9ZFHZBD,12,0.136363636,3.2,5.4,6.5,0.78
3ZCJELEUEA,40,0.666666667,4.4,6.4,6,2.06
HVAXFTLFYQ,10,0.111111111,6.1,4,6.5,8.42
7YQNV3BQE8,40,0.666666667,7,1,6,1.87
794QU3UQ9U,44,0.785714286,6.1,1.5,6,7.92
PQQVZDEDWY,78,3.545454545,3.5,5.4,5,0.88
RQMDRTHUDB,15,0.176470588,4.9,5.1,5.5,1.67
VNLMRZURN9,100,99,4.4,4.6,5,0.68
GR8LPFGF6Z,20,0.25,6.4,5.2,4,8.11
UE9FEMYQKW,50,1,3.8,4.4,5,5.33
6XZ8GCT77E,99,99,5.6,6.1,5,8.26
4JXT43736R,50,1,6.4,4.6,5.5,1.92
MQ62CBWUNK,30,0.428571429,6.3,1.6,6.5,1.94
H82K474BWE,33,0.492537313,5.2,3.9,5.5,0.85
WMDQD77ELB,20,0.25,6.5,4.6,5.5,8.68
9JJBLNHV7Z,37,0.587301587,5,5,5.5,0.75
RHU86PAHC9,6,0.063829787,6.6,6,4.5,7.28
NAEUZ8PUQ9,15,0.176470588,4.5,2.8,5.5,1.9
RHX2C3ZNFP,31,0.449275362,5.7,4.6,6.5,2.16
TYBTZ3D7DZ,50,1,6,7,6,0.67
KFQJMJWQ6Q,50,1,4.8,5.2,3.5,3.65
PCLGY9LPFW,12,0.136363636,3.9,3.2,4,3.99
XGRXJJHTNU,30,0.428571429,7,6.4,7,0.91
LZAFWGKGDN,46,0.851851852,4.2,4.3,3.5,3.63
9DFHZZQKMJ,40,0.666666667,6.3,1,1.5,8.13
R3LVV9X3AY,50,1,1.8,4.2,5.5,1.5
K6YW9NWQRY,23,0.298701299,5.9,6.3,6,4.29
FFKZMVGU46,30,0.428571429,6.4,5.4,4,0.76
XXQV6QE4AG,87,6.692307692,5.1,4.9,5.5,6.69
X97YQRD2E2,55,1.222222222,4.9,5.3,6.5,4.83
63R6HWKWUL,10,0.111111111,5.7,6.3,5,2.13
3VCRHQGC3N,80,4,6,4.5,4.5,8.52
NRZZTF2CLH,44,0.785714286,2.1,4.8,3.5,7.75
YHMANWN78M,50,1,7,6.8,4.5,7.05
3D7BKAU49K,65,1.857142857,5.1,4.1,7,1.91
HAZVJJ7FKD,23,0.298701299,5.7,5.8,4.5,4.06
4JDMTLHACA,49,0.960784314,3.4,3.5,2,0.92
Q4P2JWLGHA,14,0.162790698,5.1,4.5,4.5,3.93
6Z6CUFGGCD,30,0.428571429,6.7,2,5,2.04
MAN4UZUHD3,8,0.086956522,6,4.8,7,8.19
F226ZFDH49,30,0.428571429,5.5,3.9,5,3.93
V6B6PGW69M,5,0.052631579,5.1,5.1,5,1.84
6RH2VLRFN9,70,2.333333333,5.4,3.8,6,8.18
NJWAYAR3KW,8,0.086956522,6.5,5.1,7,0.77
EJXDY26C7N,55,1.222222222,6.5,6.1,7,0.77
FXJT9VUUR6,30,0.428571429,7,4.8,4,3.47
PLWPVL9YQ2,12,0.136363636,2.1,3.7,2,0.8