user_id,bomb_test,crra,SSR,SSE,maximiz,Age,Gender,rewardRA,gameReward
23NGLETTAV,10,0.111111111,6.8,5.5,5.5,22,2,0.5,5.22
2LT8RQN6G4,80,4,5.9,4.8,4,21,2,0,4.76
39QUMPEDM2,54,1.173913043,5.9,5.4,7,18,1,0,5.2
3AX4TXNMYL,17,0.204819277,2.1,4.6,6,18,2,0.85,4.7
3NTF9VFY22,76,3.166666667,4.1,3,2.5,23,1,0,4.58
3XCWF7KB8E,40,0.666666667,5.4,5.3,7,20,1,2,4.91
43R4BXTJJQ,40,0.666666667,4.7,3.8,6,23,1,2,5.04
468332NVYD,45,0.818181818,3.6,4.7,4.5,18,2,0,4.91
4HHGEJXUCR,50,1,6.1,5.3,6.5,26,1,0,5.3
4RT9X6EDBP,25,0.333333333,5,4.4,6,18,2,1.25,4.99
6APX8AH7NA,25,0.333333333,4.8,5.6,5.5,22,1,1.25,5.27
6GPNB37483,36,0.5625,5.4,5.7,6,20,2,1.8,5.01
6HJV7ZCKUZ,67,2.03030303,5.4,5.1,5,21,1,0,4.65
6JMA4GC2JX,50,1,3.9,3,3.5,21,2,0,4.82
6LRJMX2X3L,40,0.666666667,4.4,3.8,4.5,20,2,2,5.11
6WRGJ7WE6J,50,1,4.6,5.4,5,20,1,0,4.99
6X3CMWDZ4J,10,0.111111111,6.3,4.1,4.5,22,2,0.5,4.65
73W7WVM3RL,45,0.818181818,6.2,5.2,5.5,18,2,0,5.02
7F97X7P2QR,40,0.666666667,5.6,4.3,5,21,2,2,4.94
7UABZEYLGK,35,0.538461538,3.6,5.5,3.5,21,1,1.75,4.58
82MVKRD8LC,39,0.639344262,6.4,2.4,6,25,2,1.95,5.28
883Y6GBD6W,57,1.325581395,3.1,5.4,5.5,20,2,0,4.75
89UL3N8AJ3,12,0.136363636,5.1,4.4,6,21,2,0.6,5.09
8A49GLWNGD,55,1.222222222,5.3,5.7,4,22,2,0,5.12
8DCYX3E4WF,30,0.428571429,6,1.7,3.5,19,2,1.5,5.21
8HNVW6ZGRK,59,1.43902439,6.2,4.4,6,26,1,0,5.14
8NR4M6XF82,22,0.282051282,5.7,2.8,4.5,22,1,1.1,4.9
93YWAMGRGM,20,0.25,6.7,4.1,6.5,18,2,1,5.12
94BF83W86C,55,1.222222222,5.5,3.4,4,22,1,0,4.96
9GFVAQP8WH,50,1,3.7,5.1,6,28,2,0,5.13
9PARDAXJ6B,99,99,4.7,4.3,4.5,19,2,0,5.14
9UA4LTAN94,5,0.052631579,4,3.8,3.5,20,2,0.25,4.44
9VEYZRJCUU,12,0.136363636,7,5.4,2,24,2,0.6,5.19
A7KQC243RR,40,0.666666667,4.6,4.3,5.5,21,1,2,5.18
AJA928AYZD,60,1.5,1.5,7,7,23,2,0,4.36
B9MYQ9U9EV,50,1,4.4,3.6,2.5,24,1,0,4.61
BRFYN3CW6C,3,0.030927835,4.9,2.7,6,19,2,0.15,4.54
BVWBKMRF7P,40,0.666666667,4.7,4.9,5.5,20,1,2,4.63
CD8R2U9WJK,8,0.086956522,5,4.6,5,27,2,0.4,4.6
CFHEFWP2F4,61,1.564102564,4.7,5.6,4.5,19,2,0,4.91
CGQCM62QLW,50,1,4.9,4.6,6.5,19,2,0,4.9
DFDEJ2JH7E,55,1.222222222,5.9,4.5,4.5,18,2,0,4.96
DQTCPKLEPQ,64,1.777777778,3.1,5,4,20,2,0,4.61
E9FEXTVLZ6,50,1,5.9,1.2,1.5,20,2,0,4.84
EK4B2JYDCJ,70,2.333333333,4.5,5.7,6,28,2,0,4.67
FWFXGN9CAC,40,0.666666667,5.8,4.5,5.5,23,1,2,5.37
G7UKFDZGGW,1,0.01010101,5.6,3.8,6.5,24,2,0.05,5.16
GJYZ3ZBNBF,90,9,5.9,3.5,6.5,21,1,0,5.01
GWM7HD8CE6,10,0.111111111,6.7,4.9,5.5,22,2,0.5,5.15
GYDHE47PA2,57,1.325581395,4.2,6.1,5,18,2,0,4.42
GZNY4KY2UT,30,0.428571429,4.6,3.9,5,21,2,1.5,5
H6DLHNXNKN,15,0.176470588,4.6,5.7,4.5,24,2,0.75,5.1
HY9VXXWU8V,60,1.5,5.4,3.8,5,21,1,0,5.07
HYBWCEVD4V,30,0.428571429,4.5,6.3,3,24,2,1.5,5.08
JJ6TYPNXKD,10,0.111111111,6.4,1.3,7,22,2,0.5,4.87
K4C7HZQ6HF,60,1.5,4.2,5.9,4.5,21,2,0,4.93
KBYBEPNJAA,60,1.5,4.8,4.9,5,22,2,0,4.65
KNXKD4XYEA,35,0.538461538,6.1,3.3,6,28,1,1.75,4.87
KVDUYVDHAH,50,1,4.9,4.5,6.5,19,2,0,4.88
L94BFHATHB,10,0.111111111,4.5,4.9,6,22,2,0.5,5.1
MGQL89X9LB,31,0.449275362,3.5,4.3,7,19,2,1.55,4.78
MWNM8HVC9R,27,0.369863014,4.4,4.5,6,21,2,1.35,4.8
MXRWKKMAA7,18,0.219512195,6,6.1,7,19,2,0.9,4.91
N84UWMQD63,45,0.818181818,6.1,3.3,5.5,23,1,0,4.97
N8U64R2KMB,20,0.25,3.5,3.1,3.5,21,2,1,4.82
NQT3GNY84Y,50,1,3,6.5,5,19,2,0,5.01
NWXP9AECED,43,0.754385965,5.5,3.5,6,18,1,2.15,4.65
PLUJ84KPGA,50,1,4.3,5.4,5,18,2,0,5.22
PNH2NRURPX,20,0.25,2.4,5.3,4.5,19,2,1,4.68
PVMDWTRKBY,33,0.492537313,6.3,3.9,5.5,22,1,1.65,4.9
PX6Q4X3A7A,35,0.538461538,5.1,5,6,23,2,1.75,5.07
Q4F4MBHCFD,40,0.666666667,4.4,5.3,6.5,17,1,2,5.09
QETJK3WNP2,70,2.333333333,5.7,4.5,5.5,20,2,0,5.03
QK66JTLCXT,40,0.666666667,3.1,3.4,4,24,2,2,4.86
RK4MDYFPNZ,50,1,4.3,5,4,20,2,0,5.24
T2L9LKYW4M,30,0.428571429,5.8,5.4,6,21,1,1.5,4.8
TD89V3H2LX,20,0.25,5.3,2.1,4.5,22,2,1,4.99
U3AZVNLRY8,2,0.020408163,2.4,6.4,3,20,2,0.1,4.94
UNMWFCP4QK,40,0.666666667,6.5,4.9,6.5,22,2,2,4.95
V2LEA2LXQB,60,1.5,6.2,5.4,6.5,19,2,0,4.87
VHHL7C242A,50,1,5.3,4.1,6,21,2,0,5.02
VQ2UKCEMDF,77,3.347826087,3.1,5.9,6.5,19,2,0,5.07
W8QJGG493K,14,0.162790698,4.2,4.1,2.5,19,1,0.7,4.73
WRDZCBNGVW,60,1.5,5.5,3.2,4.5,21,2,0,4.98
XRY6PQXJ92,71,2.448275862,3.2,4,5,18,1,0,4.77
Y9VNQ2LWAW,40,0.666666667,4.5,4.5,6,23,2,2,5.23
ZQFXRP4YBZ,20,0.25,6.9,2.9,5.5,25,1,1,5.35
ZXA9FCUADF,10,0.111111111,5.1,4.8,6,23,2,0.5,4.77
ZXEWJDPF7E,11,0.123595506,5.3,4.9,4.5,25,2,0.55,4.74